NM_ESTADO;UF;cod;mun;area_mun_2010
Minas Gerais;MG;3170206;Uberlândia;4115,206
Minas Gerais;MG;3100104;Abadia dos Dourados;881,064
Minas Gerais;MG;3100203;Abaeté;1817,067
Minas Gerais;MG;3100302;Abre Campo;470,551
Minas Gerais;MG;3100401;Acaiaca;101,886
Minas Gerais;MG;3100500;Açucena;815,422
Minas Gerais;MG;3100609;Água Boa;1320,268
Minas Gerais;MG;3100708;Água Comprida;492,212
Minas Gerais;MG;3100807;Aguanil;232,091
Minas Gerais;MG;3100906;Águas Formosas;820,079
Minas Gerais;MG;3101003;Águas Vermelhas;1259,279
Minas Gerais;MG;3101102;Aimorés;1348,775
Minas Gerais;MG;3101201;Aiuruoca;649,68
Minas Gerais;MG;3101300;Alagoa;161,356
Minas Gerais;MG;3101409;Albertina;58,01
Minas Gerais;MG;3101508;Além Paraíba;510,354
Minas Gerais;MG;3101607;Alfenas;850,446
Minas Gerais;MG;3101631;Alfredo Vasconcelos;130,815
Minas Gerais;MG;3101706;Almenara;2294,426
Minas Gerais;MG;3101805;Alpercata;166,972
Minas Gerais;MG;3101904;Alpinópolis;454,751
Minas Gerais;MG;3102001;Alterosa;362,01
Minas Gerais;MG;3102050;Alto Caparaó;103,69
Minas Gerais;MG;3102100;Alto Rio Doce;518,053
Minas Gerais;MG;3102209;Alvarenga;278,173
Minas Gerais;MG;3102308;Alvinópolis;599,443
Minas Gerais;MG;3102407;Alvorada de Minas;374,008
Minas Gerais;MG;3102506;Amparo do Serra;145,908
Minas Gerais;MG;3102605;Andradas;469,37
Minas Gerais;MG;3102704;Cachoeira de Pajeú;695,672
Minas Gerais;MG;3102803;Andrelândia;1005,285
Minas Gerais;MG;3102852;Angelândia;185,211
Minas Gerais;MG;3102902;Antônio Carlos;529,915
Minas Gerais;MG;3103009;Antônio Dias;787,061
Minas Gerais;MG;3103108;Antônio Prado de Minas;83,802
Minas Gerais;MG;3103207;Araçaí;186,543
Minas Gerais;MG;3103306;Aracitaba;106,608
Minas Gerais;MG;3103405;Araçuaí;2236,279
Minas Gerais;MG;3103504;Araguari;2729,508
Minas Gerais;MG;3103603;Arantina;89,42
Minas Gerais;MG;3103702;Araponga;303,793
Minas Gerais;MG;3103751;Araporă;295,837
Minas Gerais;MG;3103801;Arapuá;173,894
Minas Gerais;MG;3103900;Araújos;245,522
Minas Gerais;MG;3104007;Araxá;1164,358
Minas Gerais;MG;3104106;Arceburgo;162,875
Minas Gerais;MG;3104205;Arcos;509,873
Minas Gerais;MG;3104304;Areado;283,124
Minas Gerais;MG;3104403;Argirita;159,378
Minas Gerais;MG;3104452;Aricanduva;243,329
Minas Gerais;MG;3104502;Arinos;5279,419
Minas Gerais;MG;3104601;Astolfo Dutra;158,891
Minas Gerais;MG;3104700;Ataléia;1836,977
Minas Gerais;MG;3104809;Augusto de Lima;1254,832
Minas Gerais;MG;3104908;Baependi;750,554
Minas Gerais;MG;3105004;Baldim;556,266
Minas Gerais;MG;3105103;Bambuí;1455,819
Minas Gerais;MG;3105202;Bandeira;483,789
Minas Gerais;MG;3105301;Bandeira do Sul;47,067
Minas Gerais;MG;3105400;Barăo de Cocais;340,601
Minas Gerais;MG;3105509;Barăo de Monte Alto;198,313
Minas Gerais;MG;3105608;Barbacena;759,186
Minas Gerais;MG;3105707;Barra Longa;383,628
Minas Gerais;MG;3105905;Barroso;82,07
Minas Gerais;MG;3106002;Bela Vista de Minas;109,143
Minas Gerais;MG;3106101;Belmiro Braga;393,13
Minas Gerais;MG;3106200;Belo Horizonte;331,401
Minas Gerais;MG;3106309;Belo Oriente;334,909
Minas Gerais;MG;3106408;Belo Vale;365,923
Minas Gerais;MG;3106507;Berilo;587,106
Minas Gerais;MG;3106606;Bertópolis;427,803
Minas Gerais;MG;3106655;Berizal;488,756
Minas Gerais;MG;3106705;Betim;342,846
Minas Gerais;MG;3106804;Bias Fortes;283,535
Minas Gerais;MG;3106903;Bicas;140,082
Minas Gerais;MG;3107000;Biquinhas;458,948
Minas Gerais;MG;3107109;Boa Esperança;860,669
Minas Gerais;MG;3107208;Bocaina de Minas;503,793
Minas Gerais;MG;3107307;Bocaiúva;3227,627
Minas Gerais;MG;3107406;Bom Despacho;1223,865
Minas Gerais;MG;3107505;Bom Jardim de Minas;412,021
Minas Gerais;MG;3107604;Bom Jesus da Penha;208,349
Minas Gerais;MG;3107703;Bom Jesus do Amparo;195,611
Minas Gerais;MG;3107802;Bom Jesus do Galho;592,289
Minas Gerais;MG;3107901;Bom Repouso;229,845
Minas Gerais;MG;3108008;Bom Sucesso;705,046
Minas Gerais;MG;3108107;Bonfim;301,865
Minas Gerais;MG;3108206;Bonfinópolis de Minas;1850,487
Minas Gerais;MG;3108255;Bonito de Minas;3904,911
Minas Gerais;MG;3108305;Borda da Mata;301,108
Minas Gerais;MG;3108404;Botelhos;334,089
Minas Gerais;MG;3108503;Botumirim;1568,884
Minas Gerais;MG;3108552;Brasilândia de Minas;2509,694
Minas Gerais;MG;3108602;Brasília de Minas;1399,484
Minas Gerais;MG;3108701;Brás Pires;223,351
Minas Gerais;MG;3108800;Braúnas;378,318
Minas Gerais;MG;3108909;Brasópolis;367,688
Minas Gerais;MG;3109006;Brumadinho;639,434
Minas Gerais;MG;3109105;Bueno Brandăo;356,15
Minas Gerais;MG;3109204;Buenópolis;1599,881
Minas Gerais;MG;3109253;Bugre;161,906
Minas Gerais;MG;3109303;Buritis;5225,186
Minas Gerais;MG;3109402;Buritizeiro;7218,401
Minas Gerais;MG;3109451;Cabeceira Grande;1031,409
Minas Gerais;MG;3109501;Cabo Verde;368,206
Minas Gerais;MG;3109600;Cachoeira da Prata;61,381
Minas Gerais;MG;3109709;Cachoeira de Minas;304,243
Minas Gerais;MG;3109808;Cachoeira Dourada;200,928
Minas Gerais;MG;3109907;Caetanópolis;156,039
Minas Gerais;MG;3110004;Caeté;542,571
Minas Gerais;MG;3110103;Caiana;106,465
Minas Gerais;MG;3110202;Cajuri;83,038
Minas Gerais;MG;3110301;Caldas;711,414
Minas Gerais;MG;3110400;Camacho;223,001
Minas Gerais;MG;3110509;Camanducaia;528,476
Minas Gerais;MG;3110608;Cambuí;244,567
Minas Gerais;MG;3110707;Cambuquira;246,38
Minas Gerais;MG;3110806;Campanário;442,398
Minas Gerais;MG;3110905;Campanha;335,587
Minas Gerais;MG;3111002;Campestre;577,843
Minas Gerais;MG;3111101;Campina Verde;3650,749
Minas Gerais;MG;3111150;Campo Azul;505,914
Minas Gerais;MG;3111200;Campo Belo;528,225
Minas Gerais;MG;3111309;Campo do Meio;275,426
Minas Gerais;MG;3111408;Campo Florido;1264,245
Minas Gerais;MG;3111507;Campos Altos;710,645
Minas Gerais;MG;3111606;Campos Gerais;769,504
Minas Gerais;MG;3111705;Canaă;174,9
Minas Gerais;MG;3111804;Canápolis;839,737
Minas Gerais;MG;3111903;Cana Verde;212,721
Minas Gerais;MG;3112000;Candeias;720,512
Minas Gerais;MG;3112059;Cantagalo;141,855
Minas Gerais;MG;3112109;Caparaó;130,694
Minas Gerais;MG;3112208;Capela Nova;111,073
Minas Gerais;MG;3112307;Capelinha;965,368
Minas Gerais;MG;3112406;Capetinga;297,937
Minas Gerais;MG;3112505;Capim Branco;95,333
Minas Gerais;MG;3112604;Capinópolis;620,716
Minas Gerais;MG;3112653;Capităo Andrade;279,088
Minas Gerais;MG;3112703;Capităo Enéas;971,583
Minas Gerais;MG;3112802;Capitólio;521,802
Minas Gerais;MG;3112901;Caputira;187,704
Minas Gerais;MG;3113008;Caraí;1242,2
Minas Gerais;MG;3113107;Caranaíba;159,95
Minas Gerais;MG;3113206;Carandaí;485,733
Minas Gerais;MG;3113305;Carangola;353,404
Minas Gerais;MG;3113404;Caratinga;1258,778
Minas Gerais;MG;3113503;Carbonita;1456,095
Minas Gerais;MG;3113602;Careaçu;181,009
Minas Gerais;MG;3113701;Carlos Chagas;3202,984
Minas Gerais;MG;3113800;Carmésia;259,103
Minas Gerais;MG;3113909;Carmo da Cachoeira;506,333
Minas Gerais;MG;3114006;Carmo da Mata;357,178
Minas Gerais;MG;3114105;Carmo de Minas;322,285
Minas Gerais;MG;3114204;Carmo do Cajuru;455,808
Minas Gerais;MG;3114303;Carmo do Paranaíba;1307,862
Minas Gerais;MG;3114402;Carmo do Rio Claro;1065,685
Minas Gerais;MG;3114501;Carmópolis de Minas;400,01
Minas Gerais;MG;3114550;Carneirinho;2063,315
Minas Gerais;MG;3114600;Carrancas;727,894
Minas Gerais;MG;3114709;Carvalhópolis;81,101
Minas Gerais;MG;3114808;Carvalhos;282,254
Minas Gerais;MG;3114907;Casa Grande;157,727
Minas Gerais;MG;3115003;Cascalho Rico;367,308
Minas Gerais;MG;3115102;Cássia;665,802
Minas Gerais;MG;3115201;Conceiçăo da Barra de Minas;273,014
Minas Gerais;MG;3115300;Cataguases;491,767
Minas Gerais;MG;3115359;Catas Altas;240,042
Minas Gerais;MG;3115409;Catas Altas da Noruega;141,622
Minas Gerais;MG;3115458;Catuji;419,526
Minas Gerais;MG;3115474;Catuti;287,812
Minas Gerais;MG;3115508;Caxambu;100,483
Minas Gerais;MG;3115607;Cedro do Abaeté;283,211
Minas Gerais;MG;3115706;Central de Minas;204,328
Minas Gerais;MG;3115805;Centralina;327,191
Minas Gerais;MG;3115904;Chácara;152,807
Minas Gerais;MG;3116001;Chalé;212,674
Minas Gerais;MG;3116100;Chapada do Norte;830,969
Minas Gerais;MG;3116159;Chapada Gaúcha;3255,187
Minas Gerais;MG;3116209;Chiador;252,938
Minas Gerais;MG;3116308;Cipotânea;153,479
Minas Gerais;MG;3116407;Claraval;227,627
Minas Gerais;MG;3116506;Claro dos Poçőes;720,424
Minas Gerais;MG;3116605;Cláudio;630,706
Minas Gerais;MG;3116704;Coimbra;106,875
Minas Gerais;MG;3116803;Coluna;348,492
Minas Gerais;MG;3116902;Comendador Gomes;1041,047
Minas Gerais;MG;3117009;Comercinho;654,961
Minas Gerais;MG;3117108;Conceiçăo da Aparecida;352,521
Minas Gerais;MG;3117207;Conceiçăo das Pedras;102,206
Minas Gerais;MG;3117306;Conceiçăo das Alagoas;1340,25
Minas Gerais;MG;3117405;Conceiçăo de Ipanema;253,935
Minas Gerais;MG;3117504;Conceiçăo do Mato Dentro;1726,83
Minas Gerais;MG;3117603;Conceiçăo do Pará;250,331
Minas Gerais;MG;3117702;Conceiçăo do Rio Verde;369,681
Minas Gerais;MG;3117801;Conceiçăo dos Ouros;182,97
Minas Gerais;MG;3117836;Cônego Marinho;1641,998
Minas Gerais;MG;3117876;Confins;42,355
Minas Gerais;MG;3117900;Congonhal;205,125
Minas Gerais;MG;3118007;Congonhas;304,067
Minas Gerais;MG;3118106;Congonhas do Norte;398,851
Minas Gerais;MG;3118205;Conquista;618,363
Minas Gerais;MG;3118304;Conselheiro Lafaiete;370,246
Minas Gerais;MG;3118403;Conselheiro Pena;1483,884
Minas Gerais;MG;3118502;Consolaçăo;86,388
Minas Gerais;MG;3118601;Contagem;195,268
Minas Gerais;MG;3118700;Coqueiral;296,163
Minas Gerais;MG;3118809;Coraçăo de Jesus;2225,216
Minas Gerais;MG;3118908;Cordisburgo;823,654
Minas Gerais;MG;3119005;Cordislândia;179,543
Minas Gerais;MG;3119104;Corinto;2525,397
Minas Gerais;MG;3119203;Coroaci;576,274
Minas Gerais;MG;3119302;Coromandel;3313,116
Minas Gerais;MG;3119401;Coronel Fabriciano;221,252
Minas Gerais;MG;3119500;Coronel Murta;815,413
Minas Gerais;MG;3119609;Coronel Pacheco;131,511
Minas Gerais;MG;3119708;Coronel Xavier Chaves;140,954
Minas Gerais;MG;3119807;Córrego Danta;657,425
Minas Gerais;MG;3119906;Córrego do Bom Jesus;123,651
Minas Gerais;MG;3119955;Córrego Fundo;101,112
Minas Gerais;MG;3120003;Córrego Novo;205,385
Minas Gerais;MG;3120102;Couto de Magalhăes de Minas;485,654
Minas Gerais;MG;3120151;Crisólita;966,202
Minas Gerais;MG;3120201;Cristais;628,434
Minas Gerais;MG;3120300;Cristália;840,702
Minas Gerais;MG;3120409;Cristiano Otoni;132,872
Minas Gerais;MG;3120508;Cristina;311,33
Minas Gerais;MG;3120607;Crucilândia;167,164
Minas Gerais;MG;3120706;Cruzeiro da Fortaleza;188,131
Minas Gerais;MG;3120805;Cruzília;522,419
Minas Gerais;MG;3120839;Cuparaque;226,75
Minas Gerais;MG;3120870;Curral de Dentro;568,263
Minas Gerais;MG;3120904;Curvelo;3298,792
Minas Gerais;MG;3121001;Datas;310,099
Minas Gerais;MG;3121100;Delfim Moreira;408,473
Minas Gerais;MG;3121209;Delfinópolis;1378,423
Minas Gerais;MG;3121258;Delta;102,84
Minas Gerais;MG;3121308;Descoberto;213,168
Minas Gerais;MG;3121407;Desterro de Entre Rios;377,165
Minas Gerais;MG;3121506;Desterro do Melo;142,279
Minas Gerais;MG;3121605;Diamantina;3891,659
Minas Gerais;MG;3121704;Diogo de Vasconcelos;165,091
Minas Gerais;MG;3121803;Dionísio;344,442
Minas Gerais;MG;3121902;Divinésia;116,97
Minas Gerais;MG;3122009;Divino;337,776
Minas Gerais;MG;3122108;Divino das Laranjeiras;342,249
Minas Gerais;MG;3122207;Divinolândia de Minas;133,12
Minas Gerais;MG;3122306;Divinópolis;708,115
Minas Gerais;MG;3122355;Divisa Alegre;117,801
Minas Gerais;MG;3122405;Divisa Nova;216,955
Minas Gerais;MG;3122454;Divisópolis;572,926
Minas Gerais;MG;3122470;Dom Bosco;817,383
Minas Gerais;MG;3122504;Dom Cavati;59,52
Minas Gerais;MG;3122603;Dom Joaquim;398,822
Minas Gerais;MG;3122702;Dom Silvério;194,972
Minas Gerais;MG;3122801;Dom Viçoso;113,921
Minas Gerais;MG;3122900;Dona Eusébia;70,231
Minas Gerais;MG;3123007;Dores de Campos;124,842
Minas Gerais;MG;3123106;Dores de Guanhăes;382,124
Minas Gerais;MG;3123205;Dores do Indaiá;1111,202
Minas Gerais;MG;3123304;Dores do Turvo;231,169
Minas Gerais;MG;3123403;Doresópolis;152,912
Minas Gerais;MG;3123502;Douradoquara;312,878
Minas Gerais;MG;3123528;Durandé;217,461
Minas Gerais;MG;3123601;Elói Mendes;499,537
Minas Gerais;MG;3123700;Engenheiro Caldas;187,058
Minas Gerais;MG;3123809;Engenheiro Navarro;608,306
Minas Gerais;MG;3123858;Entre Folhas;85,209
Minas Gerais;MG;3123908;Entre Rios de Minas;456,796
Minas Gerais;MG;3124005;Ervália;357,489
Minas Gerais;MG;3124104;Esmeraldas;910,378
Minas Gerais;MG;3124203;Espera Feliz;317,638
Minas Gerais;MG;3124302;Espinosa;1868,97
Minas Gerais;MG;3124401;Espírito Santo do Dourado;263,879
Minas Gerais;MG;3124500;Estiva;243,872
Minas Gerais;MG;3124609;Estrela Dalva;131,365
Minas Gerais;MG;3124708;Estrela do Indaiá;635,981
Minas Gerais;MG;3124807;Estrela do Sul;822,454
Minas Gerais;MG;3124906;Eugenópolis;309,395
Minas Gerais;MG;3125002;Ewbank da Câmara;103,834
Minas Gerais;MG;3125101;Extrema;244,575
Minas Gerais;MG;3125200;Fama;86,024
Minas Gerais;MG;3125309;Faria Lemos;165,224
Minas Gerais;MG;3125408;Felício dos Santos;357,622
Minas Gerais;MG;3125507;Săo Gonçalo do Rio Preto;314,458
Minas Gerais;MG;3125606;Felisburgo;596,215
Minas Gerais;MG;3125705;Felixlândia;1554,627
Minas Gerais;MG;3125804;Fernandes Tourinho;151,875
Minas Gerais;MG;3125903;Ferros;1088,795
Minas Gerais;MG;3125952;Fervedouro;357,683
Minas Gerais;MG;3126000;Florestal;191,421
Minas Gerais;MG;3126109;Formiga;1501,915
Minas Gerais;MG;3126208;Formoso;3685,702
Minas Gerais;MG;3126307;Fortaleza de Minas;218,792
Minas Gerais;MG;3126406;Fortuna de Minas;198,709
Minas Gerais;MG;3126505;Francisco Badaró;461,345
Minas Gerais;MG;3126604;Francisco Dumont;1576,128
Minas Gerais;MG;3126703;Francisco Sá;2747,288
Minas Gerais;MG;3126752;Franciscópolis;717,087
Minas Gerais;MG;3126802;Frei Gaspar;626,672
Minas Gerais;MG;3126901;Frei Inocęncio;469,557
Minas Gerais;MG;3126950;Frei Lagonegro;167,474
Minas Gerais;MG;3127008;Fronteira;199,987
Minas Gerais;MG;3127057;Fronteira dos Vales;320,757
Minas Gerais;MG;3127073;Fruta de Leite;762,785
Minas Gerais;MG;3127107;Frutal;2426,965
Minas Gerais;MG;3127206;Funilândia;199,797
Minas Gerais;MG;3127305;Galiléia;720,355
Minas Gerais;MG;3127339;Gameleiras;1733,203
Minas Gerais;MG;3127354;Glaucilândia;145,861
Minas Gerais;MG;3127370;Goiabeira;112,443
Minas Gerais;MG;3127388;Goianá;152,039
Minas Gerais;MG;3127404;Gonçalves;187,353
Minas Gerais;MG;3127503;Gonzaga;209,348
Minas Gerais;MG;3127602;Gouveia;866,601
Minas Gerais;MG;3127701;Governador Valadares;2342,319
Minas Gerais;MG;3127800;Grăo Mogol;3885,294
Minas Gerais;MG;3127909;Grupiara;193,141
Minas Gerais;MG;3128006;Guanhăes;1075,124
Minas Gerais;MG;3128105;Guapé;934,345
Minas Gerais;MG;3128204;Guaraciaba;348,596
Minas Gerais;MG;3128253;Guaraciama;390,263
Minas Gerais;MG;3128303;Guaranésia;294,828
Minas Gerais;MG;3128402;Guarani;264,194
Minas Gerais;MG;3128501;Guarará;88,655
Minas Gerais;MG;3128600;Guarda-Mor;2069,79
Minas Gerais;MG;3128709;Guaxupé;286,398
Minas Gerais;MG;3128808;Guidoval;158,375
Minas Gerais;MG;3128907;Guimarânia;366,833
Minas Gerais;MG;3129004;Guiricema;293,578
Minas Gerais;MG;3129103;Gurinhată;1849,137
Minas Gerais;MG;3129202;Heliodora;153,95
Minas Gerais;MG;3129301;Iapu;340,579
Minas Gerais;MG;3129400;Ibertioga;346,24
Minas Gerais;MG;3129509;Ibiá;2704,132
Minas Gerais;MG;3129608;Ibiaí;874,76
Minas Gerais;MG;3129657;Ibiracatu;353,413
Minas Gerais;MG;3129707;Ibiraci;562,093
Minas Gerais;MG;3129806;Ibirité;72,573
Minas Gerais;MG;3129905;Ibitiúra de Minas;68,316
Minas Gerais;MG;3130002;Ibituruna;153,106
Minas Gerais;MG;3130051;Icaraí de Minas;625,664
Minas Gerais;MG;3130101;Igarapé;110,263
Minas Gerais;MG;3130200;Igaratinga;218,343
Minas Gerais;MG;3130309;Iguatama;628,2
Minas Gerais;MG;3130408;Ijaci;105,246
Minas Gerais;MG;3130507;Ilicínea;376,341
Minas Gerais;MG;3130556;Imbé de Minas;196,735
Minas Gerais;MG;3130606;Inconfidentes;149,611
Minas Gerais;MG;3130655;Indaiabira;1004,149
Minas Gerais;MG;3130705;Indianópolis;830,03
Minas Gerais;MG;3130804;Ingaí;305,591
Minas Gerais;MG;3130903;Inhapim;858,024
Minas Gerais;MG;3131000;Inhaúma;244,996
Minas Gerais;MG;3131109;Inimutaba;524,468
Minas Gerais;MG;3131158;Ipaba;113,128
Minas Gerais;MG;3131208;Ipanema;456,641
Minas Gerais;MG;3131307;Ipatinga;164,884
Minas Gerais;MG;3131406;Ipiaçu;466,02
Minas Gerais;MG;3131505;Ipuiúna;298,195
Minas Gerais;MG;3131604;Iraí de Minas;356,264
Minas Gerais;MG;3131703;Itabira;1253,704
Minas Gerais;MG;3131802;Itabirinha;208,982
Minas Gerais;MG;3131901;Itabirito;542,609
Minas Gerais;MG;3132008;Itacambira;1788,445
Minas Gerais;MG;3132107;Itacarambi;1225,273
Minas Gerais;MG;3132206;Itaguara;410,468
Minas Gerais;MG;3132305;Itaipé;480,829
Minas Gerais;MG;3132404;Itajubá;294,835
Minas Gerais;MG;3132503;Itamarandiba;2735,573
Minas Gerais;MG;3132602;Itamarati de Minas;94,568
Minas Gerais;MG;3132701;Itambacuri;1419,209
Minas Gerais;MG;3132800;Itambé do Mato Dentro;380,34
Minas Gerais;MG;3132909;Itamogi;243,687
Minas Gerais;MG;3133006;Itamonte;431,792
Minas Gerais;MG;3133105;Itanhandu;143,363
Minas Gerais;MG;3133204;Itanhomi;488,843
Minas Gerais;MG;3133303;Itaobim;679,024
Minas Gerais;MG;3133402;Itapagipe;1802,436
Minas Gerais;MG;3133501;Itapecerica;1040,519
Minas Gerais;MG;3133600;Itapeva;177,347
Minas Gerais;MG;3133709;Itatiaiuçu;295,145
Minas Gerais;MG;3133758;Itaú de Minas;153,421
Minas Gerais;MG;3133808;Itaúna;495,769
Minas Gerais;MG;3133907;Itaverava;284,22
Minas Gerais;MG;3134004;Itinga;1649,622
Minas Gerais;MG;3134103;Itueta;452,676
Minas Gerais;MG;3134202;Ituiutaba;2598,046
Minas Gerais;MG;3134301;Itumirim;234,802
Minas Gerais;MG;3134400;Iturama;1404,663
Minas Gerais;MG;3134509;Itutinga;372,018
Minas Gerais;MG;3134608;Jaboticatubas;1114,972
Minas Gerais;MG;3134707;Jacinto;1393,609
Minas Gerais;MG;3134806;Jacuí;409,229
Minas Gerais;MG;3134905;Jacutinga;347,75
Minas Gerais;MG;3135001;Jaguaraçu;163,76
Minas Gerais;MG;3135050;Jaíba;2626,331
Minas Gerais;MG;3135076;Jampruca;517,095
Minas Gerais;MG;3135100;Janaúba;2181,319
Minas Gerais;MG;3135209;Januária;6661,666
Minas Gerais;MG;3135308;Japaraíba;172,141
Minas Gerais;MG;3135357;Japonvar;375,232
Minas Gerais;MG;3135407;Jeceaba;236,25
Minas Gerais;MG;3135456;Jenipapo de Minas;284,453
Minas Gerais;MG;3135506;Jequeri;547,897
Minas Gerais;MG;3135605;Jequitaí;1268,443
Minas Gerais;MG;3135704;Jequitibá;445,03
Minas Gerais;MG;3135803;Jequitinhonha;3514,216
Minas Gerais;MG;3135902;Jesuânia;153,852
Minas Gerais;MG;3136009;Joaíma;1664,19
Minas Gerais;MG;3136108;Joanésia;233,292
Minas Gerais;MG;3136207;Joăo Monlevade;99,158
Minas Gerais;MG;3136306;Joăo Pinheiro;10727,471
Minas Gerais;MG;3136405;Joaquim Felício;790,935
Minas Gerais;MG;3136504;Jordânia;546,705
Minas Gerais;MG;3136520;José Gonçalves de Minas;381,332
Minas Gerais;MG;3136553;José Raydan;180,822
Minas Gerais;MG;3136579;Josenópolis;541,393
Minas Gerais;MG;3136603;Nova Uniăo;172,131
Minas Gerais;MG;3136652;Juatuba;99,543
Minas Gerais;MG;3136702;Juiz de Fora;1435,664
Minas Gerais;MG;3136801;Juramento;431,63
Minas Gerais;MG;3136900;Juruaia;220,353
Minas Gerais;MG;3136959;Juvenília;1064,697
Minas Gerais;MG;3137007;Ladainha;866,29
Minas Gerais;MG;3137106;Lagamar;1474,562
Minas Gerais;MG;3137205;Lagoa da Prata;439,984
Minas Gerais;MG;3137304;Lagoa dos Patos;600,547
Minas Gerais;MG;3137403;Lagoa Dourada;476,693
Minas Gerais;MG;3137502;Lagoa Formosa;840,92
Minas Gerais;MG;3137536;Lagoa Grande;1236,301
Minas Gerais;MG;3137601;Lagoa Santa;229,267
Minas Gerais;MG;3137700;Lajinha;431,921
Minas Gerais;MG;3137809;Lambari;213,11
Minas Gerais;MG;3137908;Lamim;118,602
Minas Gerais;MG;3138005;Laranjal;204,882
Minas Gerais;MG;3138104;Lassance;3204,217
Minas Gerais;MG;3138203;Lavras;564,744
Minas Gerais;MG;3138302;Leandro Ferreira;352,108
Minas Gerais;MG;3138351;Leme do Prado;280,036
Minas Gerais;MG;3138401;Leopoldina;943,076
Minas Gerais;MG;3138500;Liberdade;401,337
Minas Gerais;MG;3138609;Lima Duarte;848,564
Minas Gerais;MG;3138625;Limeira do Oeste;1319,036
Minas Gerais;MG;3138658;Lontra;258,874
Minas Gerais;MG;3138674;Luisburgo;145,418
Minas Gerais;MG;3138682;Luislândia;411,714
Minas Gerais;MG;3138708;Luminárias;500,143
Minas Gerais;MG;3138807;Luz;1171,659
Minas Gerais;MG;3138906;Machacalis;332,378
Minas Gerais;MG;3139003;Machado;585,958
Minas Gerais;MG;3139102;Madre de Deus de Minas;492,909
Minas Gerais;MG;3139201;Malacacheta;727,886
Minas Gerais;MG;3139250;Mamonas;291,43
Minas Gerais;MG;3139300;Manga;1950,184
Minas Gerais;MG;3139409;Manhuaçu;628,318
Minas Gerais;MG;3139508;Manhumirim;182,9
Minas Gerais;MG;3139607;Mantena;685,208
Minas Gerais;MG;3139706;Maravilhas;261,604
Minas Gerais;MG;3139805;Mar de Espanha;371,6
Minas Gerais;MG;3139904;Maria da Fé;202,898
Minas Gerais;MG;3140001;Mariana;1194,208
Minas Gerais;MG;3140100;Marilac;158,809
Minas Gerais;MG;3140159;Mário Campos;35,196
Minas Gerais;MG;3140209;Maripá de Minas;77,338
Minas Gerais;MG;3140308;Marliéria;545,813
Minas Gerais;MG;3140407;Marmelópolis;107,902
Minas Gerais;MG;3140506;Martinho Campos;1048,099
Minas Gerais;MG;3140530;Martins Soares;113,268
Minas Gerais;MG;3140555;Mata Verde;227,516
Minas Gerais;MG;3140605;Materlândia;280,53
Minas Gerais;MG;3140704;Mateus Leme;302,714
Minas Gerais;MG;3140803;Matias Barbosa;157,107
Minas Gerais;MG;3140852;Matias Cardoso;1949,738
Minas Gerais;MG;3140902;Matipó;266,99
Minas Gerais;MG;3141009;Mato Verde;472,245
Minas Gerais;MG;3141108;Matozinhos;252,28
Minas Gerais;MG;3141207;Matutina;260,957
Minas Gerais;MG;3141306;Medeiros;946,437
Minas Gerais;MG;3141405;Medina;1435,903
Minas Gerais;MG;3141504;Mendes Pimentel;305,507
Minas Gerais;MG;3141603;Mercęs;348,271
Minas Gerais;MG;3141702;Mesquita;274,938
Minas Gerais;MG;3141801;Minas Novas;1812,398
Minas Gerais;MG;3141900;Minduri;219,774
Minas Gerais;MG;3142007;Mirabela;723,278
Minas Gerais;MG;3142106;Miradouro;301,672
Minas Gerais;MG;3142205;Miraí;320,695
Minas Gerais;MG;3142254;Miravânia;602,128
Minas Gerais;MG;3142304;Moeda;155,112
Minas Gerais;MG;3142403;Moema;202,705
Minas Gerais;MG;3142502;Monjolos;650,911
Minas Gerais;MG;3142601;Monsenhor Paulo;216,54
Minas Gerais;MG;3142700;Montalvânia;1503,786
Minas Gerais;MG;3142809;Monte Alegre de Minas;2595,957
Minas Gerais;MG;3142908;Monte Azul;994,231
Minas Gerais;MG;3143005;Monte Belo;421,283
Minas Gerais;MG;3143104;Monte Carmelo;1343,035
Minas Gerais;MG;3143153;Monte Formoso;385,553
Minas Gerais;MG;3143203;Monte Santo de Minas;594,632
Minas Gerais;MG;3143302;Montes Claros;3568,941
Minas Gerais;MG;3143401;Monte Siăo;291,594
Minas Gerais;MG;3143450;Montezuma;1130,419
Minas Gerais;MG;3143500;Morada Nova de Minas;2084,275
Minas Gerais;MG;3143609;Morro da Garça;414,772
Minas Gerais;MG;3143708;Morro do Pilar;477,548
Minas Gerais;MG;3143807;Munhoz;191,564
Minas Gerais;MG;3143906;Muriaé;841,693
Minas Gerais;MG;3144003;Mutum;1250,824
Minas Gerais;MG;3144102;Muzambinho;409,948
Minas Gerais;MG;3144201;Nacip Raydan;233,493
Minas Gerais;MG;3144300;Nanuque;1517,941
Minas Gerais;MG;3144359;Naque;127,173
Minas Gerais;MG;3144375;Natalândia;468,66
Minas Gerais;MG;3144409;Natércia;188,719
Minas Gerais;MG;3144508;Nazareno;329,128
Minas Gerais;MG;3144607;Nepomuceno;582,553
Minas Gerais;MG;3144656;Ninheira;1108,234
Minas Gerais;MG;3144672;Nova Belém;146,775
Minas Gerais;MG;3144706;Nova Era;361,926
Minas Gerais;MG;3144805;Nova Lima;429,164
Minas Gerais;MG;3144904;Nova Módica;375,973
Minas Gerais;MG;3145000;Nova Ponte;1111,011
Minas Gerais;MG;3145059;Nova Porteirinha;120,943
Minas Gerais;MG;3145109;Nova Resende;390,152
Minas Gerais;MG;3145208;Nova Serrana;282,369
Minas Gerais;MG;3145307;Novo Cruzeiro;1702,981
Minas Gerais;MG;3145356;Novo Oriente de Minas;755,151
Minas Gerais;MG;3145372;Novorizonte;271,871
Minas Gerais;MG;3145406;Olaria;178,242
Minas Gerais;MG;3145455;Olhos-d'Água;2092,078
Minas Gerais;MG;3145505;Olímpio Noronha;54,633
Minas Gerais;MG;3145604;Oliveira;897,294
Minas Gerais;MG;3145703;Oliveira Fortes;111,133
Minas Gerais;MG;3145802;Onça de Pitangui;246,976
Minas Gerais;MG;3145851;Oratórios;89,068
Minas Gerais;MG;3145877;Orizânia;121,8
Minas Gerais;MG;3145901;Ouro Branco;258,726
Minas Gerais;MG;3146008;Ouro Fino;533,658
Minas Gerais;MG;3146107;Ouro Preto;1245,865
Minas Gerais;MG;3146206;Ouro Verde de Minas;175,482
Minas Gerais;MG;3146255;Padre Carvalho;446,326
Minas Gerais;MG;3146305;Padre Paraíso;544,375
Minas Gerais;MG;3146404;Paineiras;637,309
Minas Gerais;MG;3146503;Pains;421,862
Minas Gerais;MG;3146552;Pai Pedro;839,805
Minas Gerais;MG;3146602;Paiva;58,419
Minas Gerais;MG;3146701;Palma;316,486
Minas Gerais;MG;3146750;Palmópolis;433,154
Minas Gerais;MG;3146909;Papagaios;553,577
Minas Gerais;MG;3147006;Paracatu;8229,595
Minas Gerais;MG;3147105;Pará de Minas;551,247
Minas Gerais;MG;3147204;Paraguaçu;424,296
Minas Gerais;MG;3147303;Paraisópolis;331,238
Minas Gerais;MG;3147402;Paraopeba;625,623
Minas Gerais;MG;3147501;Passabém;94,183
Minas Gerais;MG;3147600;Passa Quatro;277,221
Minas Gerais;MG;3147709;Passa Tempo;429,172
Minas Gerais;MG;3147808;Passa-Vinte;246,564
Minas Gerais;MG;3147907;Passos;1338,07
Minas Gerais;MG;3147956;Patis;444,196
Minas Gerais;MG;3148004;Patos de Minas;3189,771
Minas Gerais;MG;3148103;Patrocínio;2874,344
Minas Gerais;MG;3148202;Patrocínio do Muriaé;108,245
Minas Gerais;MG;3148301;Paula Cândido;268,321
Minas Gerais;MG;3148400;Paulistas;220,564
Minas Gerais;MG;3148509;Pavăo;601,19
Minas Gerais;MG;3148608;Peçanha;996,646
Minas Gerais;MG;3148707;Pedra Azul;1594,651
Minas Gerais;MG;3148756;Pedra Bonita;173,928
Minas Gerais;MG;3148806;Pedra do Anta;163,445
Minas Gerais;MG;3148905;Pedra do Indaiá;347,92
Minas Gerais;MG;3149002;Pedra Dourada;69,99
Minas Gerais;MG;3149101;Pedralva;217,989
Minas Gerais;MG;3149150;Pedras de Maria da Cruz;1525,493
Minas Gerais;MG;3149200;Pedrinópolis;357,891
Minas Gerais;MG;3149309;Pedro Leopoldo;292,947
Minas Gerais;MG;3149408;Pedro Teixeira;112,959
Minas Gerais;MG;3149507;Pequeri;90,833
Minas Gerais;MG;3149606;Pequi;203,991
Minas Gerais;MG;3149705;Perdigăo;249,322
Minas Gerais;MG;3149804;Perdizes;2450,815
Minas Gerais;MG;3149903;Perdőes;270,657
Minas Gerais;MG;3149952;Periquito;228,907
Minas Gerais;MG;3150000;Pescador;317,463
Minas Gerais;MG;3150109;Piau;192,196
Minas Gerais;MG;3150158;Piedade de Caratinga;109,345
Minas Gerais;MG;3150208;Piedade de Ponte Nova;83,733
Minas Gerais;MG;3150307;Piedade do Rio Grande;322,814
Minas Gerais;MG;3150406;Piedade dos Gerais;259,638
Minas Gerais;MG;3150505;Pimenta;414,969
Minas Gerais;MG;3150539;Pingo d'Água;66,57
Minas Gerais;MG;3150570;Pintópolis;1228,736
Minas Gerais;MG;3150604;Piracema;280,335
Minas Gerais;MG;3150703;Pirajuba;337,98
Minas Gerais;MG;3150802;Piranga;658,812
Minas Gerais;MG;3150901;Piranguçu;203,619
Minas Gerais;MG;3151008;Piranguinho;124,803
Minas Gerais;MG;3151107;Pirapetinga;190,677
Minas Gerais;MG;3151206;Pirapora;549,514
Minas Gerais;MG;3151305;Piraúba;144,289
Minas Gerais;MG;3151404;Pitangui;569,611
Minas Gerais;MG;3151503;Piumhi;902,468
Minas Gerais;MG;3151602;Planura;317,52
Minas Gerais;MG;3151701;Poço Fundo;474,244
Minas Gerais;MG;3151800;Poços de Caldas;547,26
Minas Gerais;MG;3151909;Pocrane;691,066
Minas Gerais;MG;3152006;Pompéu;2551,074
Minas Gerais;MG;3152105;Ponte Nova;470,643
Minas Gerais;MG;3152131;Ponto Chique;602,799
Minas Gerais;MG;3152170;Ponto dos Volantes;1212,413
Minas Gerais;MG;3152204;Porteirinha;1749,683
Minas Gerais;MG;3152303;Porto Firme;284,777
Minas Gerais;MG;3152402;Poté;625,111
Minas Gerais;MG;3152501;Pouso Alegre;543,068
Minas Gerais;MG;3152600;Pouso Alto;263,034
Minas Gerais;MG;3152709;Prados;264,115
Minas Gerais;MG;3152808;Prata;4847,544
Minas Gerais;MG;3152907;Pratápolis;215,516
Minas Gerais;MG;3153004;Pratinha;622,478
Minas Gerais;MG;3153103;Presidente Bernardes;236,798
Minas Gerais;MG;3153202;Presidente Juscelino;695,882
Minas Gerais;MG;3153301;Presidente Kubitschek;189,235
Minas Gerais;MG;3153400;Presidente Olegário;3503,797
Minas Gerais;MG;3153509;Alto Jequitibá;152,272
Minas Gerais;MG;3153608;Prudente de Morais;124,189
Minas Gerais;MG;3153707;Quartel Geral;556,436
Minas Gerais;MG;3153806;Queluzito;153,56
Minas Gerais;MG;3153905;Raposos;72,068
Minas Gerais;MG;3154002;Raul Soares;763,364
Minas Gerais;MG;3154101;Recreio;234,296
Minas Gerais;MG;3154150;Reduto;151,859
Minas Gerais;MG;3154200;Resende Costa;618,312
Minas Gerais;MG;3154309;Resplendor;1081,796
Minas Gerais;MG;3154408;Ressaquinha;184,609
Minas Gerais;MG;3154457;Riachinho;1719,266
Minas Gerais;MG;3154507;Riacho dos Machados;1315,54
Minas Gerais;MG;3154606;Ribeirăo das Neves;155,541
Minas Gerais;MG;3154705;Ribeirăo Vermelho;49,251
Minas Gerais;MG;3154804;Rio Acima;229,812
Minas Gerais;MG;3154903;Rio Casca;384,363
Minas Gerais;MG;3155009;Rio Doce;112,094
Minas Gerais;MG;3155108;Rio do Prado;479,815
Minas Gerais;MG;3155207;Rio Espera;238,602
Minas Gerais;MG;3155306;Rio Manso;231,54
Minas Gerais;MG;3155405;Rio Novo;209,31
Minas Gerais;MG;3155504;Rio Paranaíba;1352,353
Minas Gerais;MG;3155603;Rio Pardo de Minas;3117,437
Minas Gerais;MG;3155702;Rio Piracicaba;373,037
Minas Gerais;MG;3155801;Rio Pomba;252,418
Minas Gerais;MG;3155900;Rio Preto;348,14
Minas Gerais;MG;3156007;Rio Vermelho;986,561
Minas Gerais;MG;3156106;Ritápolis;404,805
Minas Gerais;MG;3156205;Rochedo de Minas;79,402
Minas Gerais;MG;3156304;Rodeiro;72,673
Minas Gerais;MG;3156403;Romaria;407,557
Minas Gerais;MG;3156452;Rosário da Limeira;111,156
Minas Gerais;MG;3156502;Rubelita;1110,295
Minas Gerais;MG;3156601;Rubim;965,174
Minas Gerais;MG;3156700;Sabará;302,173
Minas Gerais;MG;3156809;Sabinópolis;919,811
Minas Gerais;MG;3156908;Sacramento;3073,268
Minas Gerais;MG;3157005;Salinas;1887,646
Minas Gerais;MG;3157104;Salto da Divisa;937,924
Minas Gerais;MG;3157203;Santa Bárbara;684,06
Minas Gerais;MG;3157252;Santa Bárbara do Leste;107,402
Minas Gerais;MG;3157278;Santa Bárbara do Monte Verde;417,83
Minas Gerais;MG;3157302;Santa Bárbara do Tugúrio;194,562
Minas Gerais;MG;3157336;Santa Cruz de Minas;3,565
Minas Gerais;MG;3157377;Santa Cruz de Salinas;589,574
Minas Gerais;MG;3157401;Santa Cruz do Escalvado;258,726
Minas Gerais;MG;3157500;Santa Efigęnia de Minas;131,965
Minas Gerais;MG;3157609;Santa Fé de Minas;2917,448
Minas Gerais;MG;3157658;Santa Helena de Minas;276,433
Minas Gerais;MG;3157708;Santa Juliana;723,784
Minas Gerais;MG;3157807;Santa Luzia;235,327
Minas Gerais;MG;3157906;Santa Margarida;255,73
Minas Gerais;MG;3158003;Santa Maria de Itabira;597,437
Minas Gerais;MG;3158102;Santa Maria do Salto;440,605
Minas Gerais;MG;3158201;Santa Maria do Suaçuí;624,047
Minas Gerais;MG;3158300;Santana da Vargem;172,444
Minas Gerais;MG;3158409;Santana de Cataguases;161,486
Minas Gerais;MG;3158508;Santana de Pirapama;1255,832
Minas Gerais;MG;3158607;Santana do Deserto;182,655
Minas Gerais;MG;3158706;Santana do Garambéu;203,074
Minas Gerais;MG;3158805;Santana do Jacaré;106,169
Minas Gerais;MG;3158904;Santana do Manhuaçu;347,362
Minas Gerais;MG;3158953;Santana do Paraíso;276,067
Minas Gerais;MG;3159001;Santana do Riacho;677,207
Minas Gerais;MG;3159100;Santana dos Montes;196,565
Minas Gerais;MG;3159209;Santa Rita de Caldas;503,011
Minas Gerais;MG;3159308;Santa Rita de Jacutinga;420,94
Minas Gerais;MG;3159357;Santa Rita de Minas;68,153
Minas Gerais;MG;3159407;Santa Rita de Ibitipoca;324,234
Minas Gerais;MG;3159506;Santa Rita do Itueto;485,081
Minas Gerais;MG;3159605;Santa Rita do Sapucaí;352,969
Minas Gerais;MG;3159704;Santa Rosa da Serra;284,334
Minas Gerais;MG;3159803;Santa Vitória;3001,357
Minas Gerais;MG;3159902;Santo Antônio do Amparo;488,885
Minas Gerais;MG;3160009;Santo Antônio do Aventureiro;202,033
Minas Gerais;MG;3160108;Santo Antônio do Grama;130,213
Minas Gerais;MG;3160207;Santo Antônio do Itambé;305,737
Minas Gerais;MG;3160306;Santo Antônio do Jacinto;503,376
Minas Gerais;MG;3160405;Santo Antônio do Monte;1125,78
Minas Gerais;MG;3160454;Santo Antônio do Retiro;796,29
Minas Gerais;MG;3160504;Santo Antônio do Rio Abaixo;107,269
Minas Gerais;MG;3160603;Santo Hipólito;430,656
Minas Gerais;MG;3160702;Santos Dumont;637,373
Minas Gerais;MG;3160801;Săo Bento Abade;80,403
Minas Gerais;MG;3160900;Săo Brás do Suaçuí;110,019
Minas Gerais;MG;3160959;Săo Domingos das Dores;60,865
Minas Gerais;MG;3161007;Săo Domingos do Prata;743,768
Minas Gerais;MG;3161056;Săo Félix de Minas;162,56
Minas Gerais;MG;3161106;Săo Francisco;3308,1
Minas Gerais;MG;3161205;Săo Francisco de Paula;316,822
Minas Gerais;MG;3161304;Săo Francisco de Sales;1128,864
Minas Gerais;MG;3161403;Săo Francisco do Glória;164,613
Minas Gerais;MG;3161502;Săo Geraldo;185,578
Minas Gerais;MG;3161601;Săo Geraldo da Piedade;152,336
Minas Gerais;MG;3161650;Săo Geraldo do Baixio;280,954
Minas Gerais;MG;3161700;Săo Gonçalo do Abaeté;2692,171
Minas Gerais;MG;3161809;Săo Gonçalo do Pará;265,73
Minas Gerais;MG;3161908;Săo Gonçalo do Rio Abaixo;363,812
Minas Gerais;MG;3162005;Săo Gonçalo do Sapucaí;516,683
Minas Gerais;MG;3162104;Săo Gotardo;866,087
Minas Gerais;MG;3162203;Săo Joăo Batista do Glória;547,908
Minas Gerais;MG;3162252;Săo Joăo da Lagoa;998,015
Minas Gerais;MG;3162302;Săo Joăo da Mata;120,536
Minas Gerais;MG;3162401;Săo Joăo da Ponte;1851,102
Minas Gerais;MG;3162450;Săo Joăo das Missőes;678,274
Minas Gerais;MG;3162500;Săo Joăo del Rei;1464,327
Minas Gerais;MG;3162559;Săo Joăo do Manhuaçu;143,096
Minas Gerais;MG;3162575;Săo Joăo do Manteninha;137,928
Minas Gerais;MG;3162609;Săo Joăo do Oriente;120,122
Minas Gerais;MG;3162658;Săo Joăo do Pacuí;415,922
Minas Gerais;MG;3162708;Săo Joăo do Paraíso;1925,575
Minas Gerais;MG;3162807;Săo Joăo Evangelista;478,183
Minas Gerais;MG;3162906;Săo Joăo Nepomuceno;407,427
Minas Gerais;MG;3162922;Săo Joaquim de Bicas;71,557
Minas Gerais;MG;3162948;Săo José da Barra;314,253
Minas Gerais;MG;3162955;Săo José da Lapa;47,93
Minas Gerais;MG;3163003;Săo José da Safira;213,881
Minas Gerais;MG;3163102;Săo José da Varginha;205,501
Minas Gerais;MG;3163201;Săo José do Alegre;88,794
Minas Gerais;MG;3163300;Săo José do Divino;328,704
Minas Gerais;MG;3163409;Săo José do Goiabal;184,511
Minas Gerais;MG;3163508;Săo José do Jacuri;345,146
Minas Gerais;MG;3163607;Săo José do Mantimento;54,701
Minas Gerais;MG;3163706;Săo Lourenço;58,019
Minas Gerais;MG;3163805;Săo Miguel do Anta;152,111
Minas Gerais;MG;3163904;Săo Pedro da Uniăo;260,827
Minas Gerais;MG;3164001;Săo Pedro dos Ferros;402,758
Minas Gerais;MG;3164100;Săo Pedro do Suaçuí;308,106
Minas Gerais;MG;3164209;Săo Romăo;2434,004
Minas Gerais;MG;3164308;Săo Roque de Minas;2098,867
Minas Gerais;MG;3164407;Săo Sebastiăo da Bela Vista;167,157
Minas Gerais;MG;3164431;Săo Sebastiăo da Vargem Alegre;73,629
Minas Gerais;MG;3164472;Săo Sebastiăo do Anta;80,618
Minas Gerais;MG;3164506;Săo Sebastiăo do Maranhăo;517,83
Minas Gerais;MG;3164605;Săo Sebastiăo do Oeste;408,09
Minas Gerais;MG;3164704;Săo Sebastiăo do Paraíso;814,925
Minas Gerais;MG;3164803;Săo Sebastiăo do Rio Preto;128,002
Minas Gerais;MG;3164902;Săo Sebastiăo do Rio Verde;90,848
Minas Gerais;MG;3165008;Săo Tiago;572,4
Minas Gerais;MG;3165107;Săo Tomás de Aquino;277,928
Minas Gerais;MG;3165206;Săo Thomé das Letras;369,747
Minas Gerais;MG;3165305;Săo Vicente de Minas;392,651
Minas Gerais;MG;3165404;Sapucaí-Mirim;285,075
Minas Gerais;MG;3165503;Sardoá;141,904
Minas Gerais;MG;3165537;Sarzedo;62,134
Minas Gerais;MG;3165552;Setubinha;534,655
Minas Gerais;MG;3165560;Sem-Peixe;176,634
Minas Gerais;MG;3165578;Senador Amaral;151,097
Minas Gerais;MG;3165602;Senador Cortes;98,336
Minas Gerais;MG;3165701;Senador Firmino;166,495
Minas Gerais;MG;3165800;Senador José Bento;93,892
Minas Gerais;MG;3165909;Senador Modestino Gonçalves;952,055
Minas Gerais;MG;3166006;Senhora de Oliveira;170,749
Minas Gerais;MG;3166105;Senhora do Porto;381,328
Minas Gerais;MG;3166204;Senhora dos Remédios;237,815
Minas Gerais;MG;3166303;Sericita;166,012
Minas Gerais;MG;3166402;Seritinga;114,769
Minas Gerais;MG;3166501;Serra Azul de Minas;218,595
Minas Gerais;MG;3166600;Serra da Saudade;335,659
Minas Gerais;MG;3166709;Serra dos Aimorés;213,552
Minas Gerais;MG;3166808;Serra do Salitre;1295,272
Minas Gerais;MG;3166907;Serrania;209,27
Minas Gerais;MG;3166956;Serranópolis de Minas;551,954
Minas Gerais;MG;3167004;Serranos;213,173
Minas Gerais;MG;3167103;Serro;1217,813
Minas Gerais;MG;3167202;Sete Lagoas;537,639
Minas Gerais;MG;3167301;Silveirânia;157,456
Minas Gerais;MG;3167400;Silvianópolis;312,166
Minas Gerais;MG;3167509;Simăo Pereira;135,689
Minas Gerais;MG;3167608;Simonésia;486,543
Minas Gerais;MG;3167707;Sobrália;206,787
Minas Gerais;MG;3167806;Soledade de Minas;196,866
Minas Gerais;MG;3167905;Tabuleiro;211,084
Minas Gerais;MG;3168002;Taiobeiras;1194,527
Minas Gerais;MG;3168051;Taparuba;193,082
Minas Gerais;MG;3168101;Tapira;1179,248
Minas Gerais;MG;3168200;Tapiraí;407,92
Minas Gerais;MG;3168309;Taquaraçu de Minas;329,241
Minas Gerais;MG;3168408;Tarumirim;731,753
Minas Gerais;MG;3168507;Teixeiras;166,735
Minas Gerais;MG;3168606;Teófilo Otoni;3242,27
Minas Gerais;MG;3168705;Timóteo;144,381
Minas Gerais;MG;3168804;Tiradentes;83,047
Minas Gerais;MG;3168903;Tiros;2091,774
Minas Gerais;MG;3169000;Tocantins;173,866
Minas Gerais;MG;3169059;Tocos do Moji;114,705
Minas Gerais;MG;3169109;Toledo;136,776
Minas Gerais;MG;3169208;Tombos;285,125
Minas Gerais;MG;3169307;Tręs Coraçőes;828,038
Minas Gerais;MG;3169356;Tręs Marias;2678,253
Minas Gerais;MG;3169406;Tręs Pontas;689,794
Minas Gerais;MG;3169505;Tumiritinga;500,073
Minas Gerais;MG;3169604;Tupaciguara;1823,96
Minas Gerais;MG;3169703;Turmalina;1153,111
Minas Gerais;MG;3169802;Turvolândia;221
Minas Gerais;MG;3169901;Ubá;407,452
Minas Gerais;MG;3170008;Ubaí;820,524
Minas Gerais;MG;3170057;Ubaporanga;189,045
Minas Gerais;MG;3170107;Uberaba;4523,957
Minas Gerais;MG;3170305;Umburatiba;405,833
Minas Gerais;MG;3170404;Unaí;8447,107
Minas Gerais;MG;3170438;Uniăo de Minas;1147,407
Minas Gerais;MG;3170479;Uruana de Minas;598,502
Minas Gerais;MG;3170503;Urucânia;138,792
Minas Gerais;MG;3170529;Urucuia;2076,942
Minas Gerais;MG;3170578;Vargem Alegre;116,664
Minas Gerais;MG;3170602;Vargem Bonita;409,888
Minas Gerais;MG;3170651;Vargem Grande do Rio Pardo;491,512
Minas Gerais;MG;3170701;Varginha;395,396
Minas Gerais;MG;3170750;Varjăo de Minas;651,556
Minas Gerais;MG;3170800;Várzea da Palma;2220,279
Minas Gerais;MG;3170909;Varzelândia;814,994
Minas Gerais;MG;3171006;Vazante;1913,396
Minas Gerais;MG;3171030;Verdelândia;1570,577
Minas Gerais;MG;3171071;Veredinha;631,691
Minas Gerais;MG;3171105;Veríssimo;1031,823
Minas Gerais;MG;3171154;Vermelho Novo;115,242
Minas Gerais;MG;3171204;Vespasiano;71,222
Minas Gerais;MG;3171303;Viçosa;299,418
Minas Gerais;MG;3171402;Vieiras;112,691
Minas Gerais;MG;3171501;Mathias Lobato;172,302
Minas Gerais;MG;3171600;Virgem da Lapa;868,914
Minas Gerais;MG;3171709;Virgínia;326,515
Minas Gerais;MG;3171808;Virginópolis;439,878
Minas Gerais;MG;3171907;Virgolândia;281,022
Minas Gerais;MG;3172004;Visconde do Rio Branco;243,351
Minas Gerais;MG;3172103;Volta Grande;208,131
Minas Gerais;MG;3172202;Wenceslau Braz;102,487
